completed	id	title	userId
False	1	delectus aut autem	1
False	2	quis ut nam facilis et officia qui	1
False	3	fugiat veniam minus	1
True	4	et porro tempora	1
False	5	laboriosam mollitia et enim quasi adipisci quia provident illum	1
False	6	qui ullam ratione quibusdam voluptatem quia omnis	1
False	7	illo expedita consequatur quia in	1
True	8	quo adipisci enim quam ut ab	1
False	9	molestiae perspiciatis ipsa	1
True	10	illo est ratione doloremque quia maiores aut	1
True	11	vero rerum temporibus dolor	1
True	12	ipsa repellendus fugit nisi	1
False	13	et doloremque nulla	1
True	14	repellendus sunt dolores architecto voluptatum	1
True	15	ab voluptatum amet voluptas	1
True	16	accusamus eos facilis sint et aut voluptatem	1
True	17	quo laboriosam deleniti aut qui	1
False	18	dolorum est consequatur ea mollitia in culpa	1
True	19	molestiae ipsa aut voluptatibus pariatur dolor nihil	1
True	20	ullam nobis libero sapiente ad optio sint	1
False	21	suscipit repellat esse quibusdam voluptatem incidunt	2
True	22	distinctio vitae autem nihil ut molestias quo	2
False	23	et itaque necessitatibus maxime molestiae qui quas velit	2
False	24	adipisci non ad dicta qui amet quaerat doloribus ea	2
True	25	voluptas quo tenetur perspiciatis explicabo natus	2
True	26	aliquam aut quasi	2
True	27	veritatis pariatur delectus	2
False	28	nesciunt totam sit blanditiis sit	2
False	29	laborum aut in quam	2
True	30	nemo perspiciatis repellat ut dolor libero commodi blanditiis omnis	2
False	31	repudiandae totam in est sint facere fuga	2
False	32	earum doloribus ea doloremque quis	2
False	33	sint sit aut vero	2
False	34	porro aut necessitatibus eaque distinctio	2
True	35	repellendus veritatis molestias dicta incidunt	2
True	36	excepturi deleniti adipisci voluptatem et neque optio illum ad	2
False	37	sunt cum tempora	2
False	38	totam quia non	2
False	39	doloremque quibusdam asperiores libero corrupti illum qui omnis	2
True	40	totam atque quo nesciunt	2
False	41	aliquid amet impedit consequatur aspernatur placeat eaque fugiat suscipit	3
False	42	rerum perferendis error quia ut eveniet	3
True	43	tempore ut sint quis recusandae	3
True	44	cum debitis quis accusamus doloremque ipsa natus sapiente omnis	3
False	45	velit soluta adipisci molestias reiciendis harum	3
False	46	vel voluptatem repellat nihil placeat corporis	3
False	47	nam qui rerum fugiat accusamus	3
False	48	sit reprehenderit omnis quia	3
False	49	ut necessitatibus aut maiores debitis officia blanditiis velit et	3
True	50	cupiditate necessitatibus ullam aut quis dolor voluptate	3
False	51	distinctio exercitationem ab doloribus	3
False	52	nesciunt dolorum quis recusandae ad pariatur ratione	3
False	53	qui labore est occaecati recusandae aliquid quam	3
True	54	quis et est ut voluptate quam dolor	3
True	55	voluptatum omnis minima qui occaecati provident nulla voluptatem ratione	3
True	56	deleniti ea temporibus enim	3
False	57	pariatur et magnam ea doloribus similique voluptatem rerum quia	3
False	58	est dicta totam qui explicabo doloribus qui dignissimos	3
False	59	perspiciatis velit id laborum placeat iusto et aliquam odio	3
True	60	et sequi qui architecto ut adipisci	3
True	61	odit optio omnis qui sunt	4
False	62	et placeat et tempore aspernatur sint numquam	4
True	63	doloremque aut dolores quidem fuga qui nulla	4
False	64	voluptas consequatur qui ut quia magnam nemo esse	4
False	65	fugiat pariatur ratione ut asperiores necessitatibus magni	4
False	66	rerum eum molestias autem voluptatum sit optio	4
False	67	quia voluptatibus voluptatem quos similique maiores repellat	4
False	68	aut id perspiciatis voluptatem iusto	4
False	69	doloribus sint dolorum ab adipisci itaque dignissimos aliquam suscipit	4
False	70	ut sequi accusantium et mollitia delectus sunt	4
False	71	aut velit saepe ullam	4
False	72	praesentium facilis facere quis harum voluptatibus voluptatem eum	4
True	73	sint amet quia totam corporis qui exercitationem commodi	4
False	74	expedita tempore nobis eveniet laborum maiores	4
False	75	occaecati adipisci est possimus totam	4
True	76	sequi dolorem sed	4
False	77	maiores aut nesciunt delectus exercitationem vel assumenda eligendi at	4
False	78	reiciendis est magnam amet nemo iste recusandae impedit quaerat	4
True	79	eum ipsa maxime ut	4
True	80	tempore molestias dolores rerum sequi voluptates ipsum consequatur	4
True	81	suscipit qui totam	5
False	82	voluptates eum voluptas et dicta	5
True	83	quidem at rerum quis ex aut sit quam	5
False	84	sunt veritatis ut voluptate	5
True	85	et quia ad iste a	5
True	86	incidunt ut saepe autem	5
True	87	laudantium quae eligendi consequatur quia et vero autem	5
False	88	vitae aut excepturi laboriosam sint aliquam et et accusantium	5
True	89	sequi ut omnis et	5
True	90	molestiae nisi accusantium tenetur dolorem et	5
True	91	nulla quis consequatur saepe qui id expedita	5
True	92	in omnis laboriosam	5
True	93	odio iure consequatur molestiae quibusdam necessitatibus quia sint	5
False	94	facilis modi saepe mollitia	5
True	95	vel nihil et molestiae iusto assumenda nemo quo ut	5
False	96	nobis suscipit ducimus enim asperiores voluptas	5
False	97	dolorum laboriosam eos qui iure aliquam	5
True	98	debitis accusantium ut quo facilis nihil quis sapiente necessitatibus	5
False	99	neque voluptates ratione	5
False	100	excepturi a et neque qui expedita vel voluptate	5
False	101	explicabo enim cumque porro aperiam occaecati minima	6
False	102	sed ab consequatur	6
False	103	non sunt delectus illo nulla tenetur enim omnis	6
False	104	excepturi non laudantium quo	6
True	105	totam quia dolorem et illum repellat voluptas optio	6
True	106	ad illo quis voluptatem temporibus	6
False	107	praesentium facilis omnis laudantium fugit ad iusto nihil nesciunt	6
True	108	a eos eaque nihil et exercitationem incidunt delectus	6
True	109	autem temporibus harum quisquam in culpa	6
True	110	aut aut ea corporis	6
False	111	magni accusantium labore et id quis provident	6
False	112	consectetur impedit quisquam qui deserunt non rerum consequuntur eius	6
False	113	quia atque aliquam sunt impedit voluptatum rerum assumenda nisi	6
False	114	cupiditate quos possimus corporis quisquam exercitationem beatae	6
False	115	sed et ea eum	6
True	116	ipsa dolores vel facilis ut	6
False	117	sequi quae est et qui qui eveniet asperiores	6
False	118	quia modi consequatur vero fugiat	6
False	119	corporis ducimus ea perspiciatis iste	6
False	120	dolorem laboriosam vel voluptas et aliquam quasi	6
True	121	inventore aut nihil minima laudantium hic qui omnis	7
True	122	provident aut nobis culpa	7
False	123	esse et quis iste est earum aut impedit	7
False	124	qui consectetur id	7
False	125	aut quasi autem iste tempore illum possimus	7
True	126	ut asperiores perspiciatis veniam ipsum rerum saepe	7
True	127	voluptatem libero consectetur rerum ut	7
False	128	eius omnis est qui voluptatem autem	7
False	129	rerum culpa quis harum	7
True	130	nulla aliquid eveniet harum laborum libero alias ut unde	7
False	131	qui ea incidunt quis	7
True	132	qui molestiae voluptatibus velit iure harum quisquam	7
True	133	et labore eos enim rerum consequatur sunt	7
False	134	molestiae doloribus et laborum quod ea	7
False	135	facere ipsa nam eum voluptates reiciendis vero qui	7
False	136	asperiores illo tempora fuga sed ut quasi adipisci	7
False	137	qui sit non	7
True	138	placeat minima consequatur rem qui ut	7
False	139	consequatur doloribus id possimus voluptas a voluptatem	7
True	140	aut consectetur in blanditiis deserunt quia sed laboriosam	7
True	141	explicabo consectetur debitis voluptates quas quae culpa rerum non	8
True	142	maiores accusantium architecto necessitatibus reiciendis ea aut	8
False	143	eum non recusandae cupiditate animi	8
False	144	ut eum exercitationem sint	8
False	145	beatae qui ullam incidunt voluptatem non nisi aliquam	8
True	146	molestiae suscipit ratione nihil odio libero impedit vero totam	8
True	147	eum itaque quod reprehenderit et facilis dolor autem ut	8
False	148	esse quas et quo quasi exercitationem	8
False	149	animi voluptas quod perferendis est	8
False	150	eos amet tempore laudantium fugit a	8
True	151	accusamus adipisci dicta qui quo ea explicabo sed vero	8
False	152	odit eligendi recusandae doloremque cumque non	8
False	153	ea aperiam consequatur qui repellat eos	8
True	154	rerum non ex sapiente	8
True	155	voluptatem nobis consequatur et assumenda magnam	8
True	156	nam quia quia nulla repellat assumenda quibusdam sit nobis	8
True	157	dolorem veniam quisquam deserunt repellendus	8
True	158	debitis vitae delectus et harum accusamus aut deleniti a	8
True	159	debitis adipisci quibusdam aliquam sed dolore ea praesentium nobis	8
False	160	et praesentium aliquam est	8
True	161	ex hic consequuntur earum omnis alias ut occaecati culpa	9
True	162	omnis laboriosam molestias animi sunt dolore	9
False	163	natus corrupti maxime laudantium et voluptatem laboriosam odit	9
False	164	reprehenderit quos aut aut consequatur est sed	9
False	165	fugiat perferendis sed aut quidem	9
False	166	quos quo possimus suscipit minima ut	9
False	167	et quis minus quo a asperiores molestiae	9
False	168	recusandae quia qui sunt libero	9
True	169	ea odio perferendis officiis	9
False	170	quisquam aliquam quia doloribus aut	9
True	171	fugiat aut voluptatibus corrupti deleniti velit iste odio	9
False	172	et provident amet rerum consectetur et voluptatum	9
False	173	harum ad aperiam quis	9
False	174	similique aut quo	9
True	175	laudantium eius officia perferendis provident perspiciatis asperiores	9
False	176	magni soluta corrupti ut maiores rem quidem	9
False	177	et placeat temporibus voluptas est tempora quos quibusdam	9
True	178	nesciunt itaque commodi tempore	9
True	179	omnis consequuntur cupiditate impedit itaque ipsam quo	9
True	180	debitis nisi et dolorem repellat et	9
False	181	ut cupiditate sequi aliquam fuga maiores	10
True	182	inventore saepe cumque et aut illum enim	10
True	183	omnis nulla eum aliquam distinctio	10
False	184	molestias modi perferendis perspiciatis	10
False	185	voluptates dignissimos sed doloribus animi quaerat aut	10
False	186	explicabo odio est et	10
False	187	consequuntur animi possimus	10
True	188	vel non beatae est	10
True	189	culpa eius et voluptatem et	10
True	190	accusamus sint iusto et voluptatem exercitationem	10
True	191	temporibus atque distinctio omnis eius impedit tempore molestias pariatur	10
False	192	ut quas possimus exercitationem sint voluptates	10
True	193	rerum debitis voluptatem qui eveniet tempora distinctio a	10
False	194	sed ut vero sit molestiae	10
True	195	rerum ex veniam mollitia voluptatibus pariatur	10
True	196	consequuntur aut ut fugit similique	10
True	197	dignissimos quo nobis earum saepe	10
True	198	quis eius est sint explicabo	10
True	199	numquam repellendus a magnam	10
False	200	ipsam aperiam voluptates qui	10
